{
    "name": "root",
    "gauges": {
        "BirdBehavior.Policy.Entropy.mean": {
            "value": 0.10137663036584854,
            "min": 0.10137663036584854,
            "max": 0.6048792600631714,
            "count": 9
        },
        "BirdBehavior.Policy.Entropy.sum": {
            "value": 5073.900390625,
            "min": 5073.900390625,
            "max": 30622.01171875,
            "count": 9
        },
        "BirdBehavior.Environment.EpisodeLength.mean": {
            "value": 148.99700598802394,
            "min": 31.42949967511371,
            "max": 148.99700598802394,
            "count": 9
        },
        "BirdBehavior.Environment.EpisodeLength.sum": {
            "value": 49765.0,
            "min": 48370.0,
            "max": 49913.0,
            "count": 9
        },
        "BirdBehavior.Step.mean": {
            "value": 449989.0,
            "min": 49976.0,
            "max": 449989.0,
            "count": 9
        },
        "BirdBehavior.Step.sum": {
            "value": 449989.0,
            "min": 49976.0,
            "max": 449989.0,
            "count": 9
        },
        "BirdBehavior.Policy.ExtrinsicValueEstimate.mean": {
            "value": 3.366800308227539,
            "min": 0.4599210321903229,
            "max": 3.5060064792633057,
            "count": 9
        },
        "BirdBehavior.Policy.ExtrinsicValueEstimate.sum": {
            "value": 3370.1669921875,
            "min": 717.476806640625,
            "max": 3502.50048828125,
            "count": 9
        },
        "BirdBehavior.Environment.CumulativeReward.mean": {
            "value": 13.628444311147678,
            "min": 2.241092212100953,
            "max": 13.924777233600617,
            "count": 9
        },
        "BirdBehavior.Environment.CumulativeReward.sum": {
            "value": 4551.900399923325,
            "min": 3446.7998222112656,
            "max": 4664.8003732562065,
            "count": 9
        },
        "BirdBehavior.Policy.ExtrinsicReward.mean": {
            "value": 13.628444311147678,
            "min": 2.241092212100953,
            "max": 13.924777233600617,
            "count": 9
        },
        "BirdBehavior.Policy.ExtrinsicReward.sum": {
            "value": 4551.900399923325,
            "min": 3446.7998222112656,
            "max": 4664.8003732562065,
            "count": 9
        },
        "BirdBehavior.Losses.PolicyLoss.mean": {
            "value": 0.022500054935614265,
            "min": 0.022500054935614265,
            "max": 0.029477268763973066,
            "count": 9
        },
        "BirdBehavior.Losses.PolicyLoss.sum": {
            "value": 0.11250027467807133,
            "min": 0.09515564559648435,
            "max": 0.13386259089844924,
            "count": 9
        },
        "BirdBehavior.Losses.ValueLoss.mean": {
            "value": 0.0752815150221189,
            "min": 0.05717737190425396,
            "max": 0.23687481830517448,
            "count": 9
        },
        "BirdBehavior.Losses.ValueLoss.sum": {
            "value": 0.3764075751105945,
            "min": 0.24810843393206597,
            "max": 1.1843740915258725,
            "count": 9
        },
        "BirdBehavior.Policy.LearningRate.mean": {
            "value": 0.00017273956242016002,
            "min": 0.00017273956242016002,
            "max": 0.00029230222756592496,
            "count": 9
        },
        "BirdBehavior.Policy.LearningRate.sum": {
            "value": 0.0008636978121008001,
            "min": 0.0008636978121008001,
            "max": 0.0013921317359561,
            "count": 9
        },
        "BirdBehavior.Policy.Epsilon.mean": {
            "value": 0.15757984,
            "min": 0.15757984,
            "max": 0.19743407500000001,
            "count": 9
        },
        "BirdBehavior.Policy.Epsilon.sum": {
            "value": 0.7878992,
            "min": 0.6903513000000002,
            "max": 0.9640439000000001,
            "count": 9
        },
        "BirdBehavior.Policy.Beta.mean": {
            "value": 0.002883234016,
            "min": 0.002883234016,
            "max": 0.0048719603425,
            "count": 9
        },
        "BirdBehavior.Policy.Beta.sum": {
            "value": 0.01441617008,
            "min": 0.01441617008,
            "max": 0.023205790610000002,
            "count": 9
        },
        "BirdBehavior.IsTraining.mean": {
            "value": 1.0,
            "min": 1.0,
            "max": 1.0,
            "count": 9
        },
        "BirdBehavior.IsTraining.sum": {
            "value": 1.0,
            "min": 1.0,
            "max": 1.0,
            "count": 9
        }
    },
    "metadata": {
        "timer_format_version": "0.1.0",
        "start_time_seconds": "1674571287",
        "python_version": "3.9.5 (tags/v3.9.5:0a7dcbd, May  3 2021, 17:27:52) [MSC v.1928 64 bit (AMD64)]",
        "command_line_arguments": "C:\\Users\\Alex\\OneDrive - unibuc.ro\\Desktop\\IDEs\\Unity\\Facultate\\IRL\\Proiect\\Flappy Bird\\venv\\Scripts\\mlagents-learn config/trainer_config.yaml --run-id=BirdBehavior",
        "mlagents_version": "0.30.0",
        "mlagents_envs_version": "0.30.0",
        "communication_protocol_version": "1.5.0",
        "pytorch_version": "1.7.1+cu110",
        "numpy_version": "1.21.2",
        "end_time_seconds": "1674571970"
    },
    "total": 682.7562649,
    "count": 1,
    "self": 0.007133199999998396,
    "children": {
        "run_training.setup": {
            "total": 0.13142470000000017,
            "count": 1,
            "self": 0.13142470000000017
        },
        "TrainerController.start_learning": {
            "total": 682.617707,
            "count": 1,
            "self": 0.528764499998033,
            "children": {
                "TrainerController._reset_env": {
                    "total": 14.811881,
                    "count": 1,
                    "self": 14.811881
                },
                "TrainerController.advance": {
                    "total": 667.1351790000019,
                    "count": 19397,
                    "self": 0.5685537000056229,
                    "children": {
                        "env_step": {
                            "total": 514.7606325000005,
                            "count": 19397,
                            "self": 437.2479349000034,
                            "children": {
                                "SubprocessEnvManager._take_step": {
                                    "total": 77.20543639999796,
                                    "count": 19397,
                                    "self": 1.9212106000015297,
                                    "children": {
                                        "TorchPolicy.evaluate": {
                                            "total": 75.28422579999643,
                                            "count": 19397,
                                            "self": 75.28422579999643
                                        }
                                    }
                                },
                                "workers": {
                                    "total": 0.3072611999991466,
                                    "count": 19396,
                                    "self": 0.0,
                                    "children": {
                                        "worker_root": {
                                            "total": 606.273416699997,
                                            "count": 19396,
                                            "is_parallel": true,
                                            "self": 271.4417558999974,
                                            "children": {
                                                "steps_from_proto": {
                                                    "total": 0.0038898000000013866,
                                                    "count": 1,